,ID,LIMIT_BAL,EDUCATION,MARRIAGE,AGE,PAY_HISTORY,BILL_AMT,PAY_AMT,default
count,2393.0,2393.0,2393.0,2393.0,2377.0,2393.0,2393.0,2393.0,2393.0
mean,1491.804011700794,187563.7275386544,1.7216882574174677,1.481404095277894,36.626840555321834,-0.07312996239030506,19431.39343933816,5250.192505965204,0.3326368575010447
std,874.6752443397631,130059.31328199436,0.7525442851445339,0.5178351201287428,9.2137452119215,1.7126572696602944,40485.58885792634,12144.84226904972,0.47125617612994286
min,1.0,10000.0,0.0,0.0,21.0,-2.0,-4465.833333,0.0,0.0
25%,730.0,80000.0,1.0,1.0,29.0,-1.0,1352.333333,833.3333332999999,0.0
50%,1498.0,170000.0,2.0,1.0,36.0,-1.0,4557.666667,2066.666667,0.0
75%,2255.0,260000.0,2.0,2.0,42.0,2.0,18412.16667,5281.166667,1.0
max,3000.0,800000.0,6.0,3.0,91.0,8.0,456957.5,385692.0,1.0
